"gene"	"baseMean"	"log2FoldChange"	"lfcSE"	"pvalue"	"padj"
"YAL026C"	1226.4162967185	-0.367887622686804	0.078143168635222	3.24244149727648e-06	2.22428834409283e-05
"YAL033W"	150.753677429572	-0.699717764309402	0.136904040062209	3.35376970866302e-08	3.50587716319862e-07
"YAL035W"	5410.4694420523	-0.43340601810638	0.0981106662549008	2.92577872868741e-05	0.00015665642051687
"YAL037C-B"	595.683924656218	-2.6465317892845	0.505264080210117	3.39084373206102e-08	3.53797365449415e-07
"YAL038W"	99354.6608997961	-0.746862524286314	0.145151001287694	3.91293224017959e-07	3.23697440189456e-06
"YAL044C"	1163.46249156734	-0.841786995497366	0.164021834269552	2.81926146588345e-07	2.39120419400911e-06
"YAL056W"	770.02161115951	-0.328741357429104	0.0781475900176997	8.32013283395012e-05	0.000392268244434092
"YBL004W"	7008.36594306611	-0.561512993964	0.153849002469137	0.000115708763421817	0.000528088499181612
"YBL024W"	1669.80975030965	-0.570178968507113	0.123695035839889	4.05859706729477e-06	2.71747781681443e-05
"YBL027W"	6954.3890507442	-0.611944392568996	0.0807864708984826	1.47603071414337e-14	5.0728258319182e-13
"YBL042C"	955.321921327937	-1.30326203024924	0.270727772910383	4.72076651731646e-08	4.72006297536157e-07
"YBL051C"	751.142882139053	-0.634088554104863	0.0941392614554781	4.31366051043434e-11	8.82327694039755e-10
"YBL069W"	162.957831085979	-0.914462950522966	0.119134576448581	2.13614549802157e-14	7.0598030276979e-13
"YBL072C"	4548.0291806007	-0.471013261906174	0.0636704974834292	4.55998063591837e-13	1.25896749326652e-11
"YBL077W"	38.6526836308045	-1.54588861603796	0.28270118613254	6.57842686770278e-10	1.0421041502833e-08
"YBL079W"	1979.74742566522	-0.318707382082589	0.0722575834323902	4.06369198486948e-05	0.000209395618483021
"YBL092W"	9454.2607980915	-0.425670453537583	0.079621673683952	1.7860504360791e-07	1.57252130914104e-06
"YBR002C"	185.882496787122	-0.62717284571197	0.120232950137206	4.66931882523666e-08	4.68958982013664e-07
"YBR011C"	9271.13082218144	-0.35810952792052	0.0897738308556023	5.69746498474022e-05	0.000280236749139458
"YBR017C"	1234.91854609146	-0.425219026212106	0.0511946625348241	9.94897371678521e-17	5.17423757100093e-15
"YBR039W"	1263.09227062471	-0.353425793216332	0.0884637485538007	6.08709058442062e-05	0.000297655180254212
"YBR048W"	5023.92669022504	-0.380582070443718	0.0731919423767345	2.96841242566025e-08	3.17119091779532e-07
"YBR058C"	592.743541431993	-0.414544992771822	0.0793908495097799	6.41986815141832e-08	6.17946849754168e-07
"YBR084C-A"	5358.48906993385	-0.456351344778435	0.0864893548018687	1.23096317973534e-07	1.12514059575537e-06
"YBR097W"	421.035772612171	-0.281766091960837	0.0760021866501722	2.78996352216177e-05	0.000150586204908956
"YBR104W"	456.115434668323	-0.706531658536167	0.1175987540842	8.30910092533595e-10	1.27124573509648e-08
"YBR112C"	891.529355793452	-0.436374170254045	0.0685465609194611	7.57961070954027e-10	1.1744020381133e-08
"YBR115C"	11978.0126258473	-0.405587233601785	0.0889975983179792	9.18904813274532e-06	5.57407992066802e-05
"YBR121C"	5639.93404420501	-0.41969168784702	0.0666717771792314	3.65527687165328e-10	6.08517432553892e-09
"YBR130C"	257.194425717749	-0.468247483790219	0.101794424883472	8.34366823629908e-06	5.12616027448082e-05
"YBR143C"	3053.95905380679	-0.457084687051448	0.077848589349278	8.119440628263e-09	9.9222818169429e-08
"YBR177C"	2864.66063689851	-0.429573650776896	0.0816101316576269	4.89727262939641e-07	3.97289021410163e-06
"YBR181C"	6017.3621410557	-0.386241841569995	0.0796210812203727	6.29876406244303e-07	4.98330284138329e-06
"YBR189W"	9604.06981367701	-0.470850449635467	0.0848036029167558	1.03284292783743e-08	1.21567424611602e-07
"YBR191W"	4046.78378699132	-0.483097588602178	0.0746933545665191	5.323954505828e-12	1.26213465652297e-10
"YBR198C"	517.366742055178	-0.352511954110383	0.0907402390731459	5.43301471074405e-05	0.000268015409517514
"YBR202W"	1030.2930526886	-0.39995725785488	0.0996951243463216	1.00407432757473e-05	6.03073828442156e-05
"YBR227C"	197.704961838949	-0.464332548915393	0.115135909717366	0.000144899021632608	0.000640173004412835
"YBR248C"	1126.28285864717	-0.620365776768221	0.116665310914022	1.93053802803393e-07	1.6816918975019e-06
"YBR254C"	112.122144673526	-0.459066029565489	0.117750145230137	0.000107738192732316	0.000495418461303022
"YBR262C"	103.94302945473	-0.832693872510261	0.13576077511882	6.58596154002264e-10	1.0421041502833e-08
"YBR288C"	338.455924622216	-0.360056711391233	0.0920734612021257	9.21129751423907e-05	0.000429455142620083
"YBR291C"	1225.52474522668	-0.762330380254993	0.139620416452651	3.60767341984004e-08	3.73516681693007e-07
"YBR294W"	5030.58101897074	-1.0483960477557	0.292095803271944	0.000194201758952987	0.000826712944679942
"YCL005W-A"	506.176974742223	-0.413385275743626	0.103154490403801	0.000183041765631844	0.000783680412012789
"YCL030C"	11058.4326996799	-0.571895045490309	0.136552682344321	4.57122031731382e-05	0.000231808897270283
"YCR013C"	192.945649702748	-1.54977562698111	0.505030413447271	0.000160036046012407	0.000696291720296524
"YCR024C-B"	2895.68393375509	-1.00498771410506	0.251618807654469	3.25234506846188e-05	0.000172353736684919
"YDL006W"	152.143568497963	-0.444892390712438	0.0967897816044982	4.06800756700623e-06	2.72106308744215e-05
"YDL040C"	1361.44097116632	-0.421683279188064	0.0986012957322909	4.63496849797317e-05	0.000234686820021902
"YDL049C"	169.501572521945	-1.63902005841145	0.176050356165343	2.61033355796866e-21	2.46658138597348e-19
"YDL050C"	14.9085742638558	-1.43913888927561	0.476331252604361	0.000207378694999376	0.000873934462783173
"YDL064W"	219.371525488838	-0.324362488791575	0.0818953715049326	0.000191041099614831	0.000814809114631852
"YDL066W"	5771.83871654515	-0.425450252210941	0.096328826617443	2.98465756134052e-05	0.000159681559641416
"YDL075W"	3186.20608865888	-0.558155242948675	0.103634651693056	1.14747330356228e-07	1.05233805361177e-06
"YDL080C"	284.370038309796	-0.492409478095436	0.0952626220932252	6.8795385811109e-07	5.4108821032442e-06
"YDL082W"	3411.59533457792	-0.529380150084736	0.0936372999767579	1.66400953416767e-08	1.88897461332165e-07
"YDL083C"	6348.482550145	-0.55109282430829	0.105478332006359	2.75860118805721e-07	2.3427158697058e-06
"YDL084W"	5601.65190695151	-0.288164068429998	0.0574721160919007	1.88892176725506e-06	1.36560087677955e-05
"YDL112W"	1976.10206332681	-0.516930795769967	0.12396666528241	2.07755835097472e-05	0.000115574950055468
"YDL136W"	1083.97321389383	-0.551626563067505	0.113670932039798	2.49348582365978e-06	1.75354259863034e-05
"YDL167C"	530.327658592812	-0.801416537793209	0.149475029344136	1.86125996076025e-09	2.60692966111494e-08
"YDL170W"	387.492975467147	-0.800532461502874	0.110760814392125	2.36229765449117e-14	7.76894851175553e-13
"YDL184C"	1207.08869078942	-0.690287484656076	0.14821482732291	2.76690259771629e-06	1.92763754185655e-05
"YDL191W"	2083.06822445843	-0.615794366541825	0.0950758053885564	4.87442002987735e-11	9.82571724865068e-10
"YDL205C"	546.533754641577	-0.756404384984987	0.13902693802572	7.56472258759281e-08	7.17846164641587e-07
"YDL208W"	743.10111325128	-0.549412118853969	0.11671813849915	2.44239932037785e-07	2.09272759136846e-06
"YDL236W"	1024.14797323579	-0.496586988067763	0.0808698321304807	1.30346055385575e-10	2.39586763173102e-09
"YDL240W"	527.868400784081	-0.367686482518621	0.0960013939410992	0.000194927404208049	0.000828750288233081
"YDR023W"	3857.5254539291	-0.408350685037425	0.0721638129709597	4.88990119423554e-08	4.86741055076057e-07
"YDR025W"	6095.35858881381	-0.551914690333213	0.0897688245017064	1.007032795053e-09	1.49483978534444e-08
"YDR035W"	2018.71406058738	-0.477943230420213	0.0829418774174279	2.49773850211355e-08	2.7027947759161e-07
"YDR037W"	7243.29107834795	-0.52245662255812	0.0862811867695736	1.04170542513883e-09	1.53600037302339e-08
"YDR050C"	25641.5869713138	-0.865671635330756	0.163241003319236	1.30119620624327e-07	1.18449461976745e-06
"YDR075W"	175.056403703705	-0.785072899543134	0.128392500709024	2.29601717059302e-10	4.03245528730591e-09
"YDR120C"	660.033922234389	-0.591055497913988	0.155046582695083	4.33244801928425e-05	0.000220869253505912
"YDR127W"	11434.1524538963	-0.474468600786516	0.118410489980132	8.01839704303412e-06	4.94443251486359e-05
"YDR142C"	207.829938606528	-0.331849623689088	0.0836820132382125	6.89734458753515e-05	0.00033314819897605
"YDR143C"	445.6761488101	-0.678040302652529	0.0899603614164555	3.49536888824227e-16	1.60619382679571e-14
"YDR147W"	219.509782468788	-0.465137197038349	0.110083960002165	4.97469746023191e-05	0.00024929852865841
"YDR158W"	3353.48386951112	-0.600263892663017	0.157698911211287	8.48619829949734e-05	0.000398976204564314
"YDR170C"	5292.69497525356	-0.379954395384418	0.0788754100882339	3.09169375431348e-08	3.2871907127875e-07
"YDR226W"	3593.76234157356	-0.718713727035626	0.0878118881673321	3.02184236890815e-16	1.40788475368089e-14
"YDR243C"	159.314372334144	-0.440200254001942	0.110719909617493	0.000102752732760692	0.000474444655259109
"YDR245W"	668.37020067805	-0.405826948628075	0.0983843869941554	2.7046486538236e-05	0.000146927026870466
"YDR280W"	258.157257763826	-0.561460155425424	0.0869847817480229	2.04526785420532e-11	4.41212284047057e-10
"YDR281C"	16.9923214637392	-1.58039164987507	0.344887016393465	1.26677199315564e-06	9.52777276018071e-06
"YDR292C"	598.043722163366	-0.458837479036689	0.0842362962332685	1.01135242502729e-08	1.1966778517651e-07
"YDR300C"	404.597326985124	-0.600189433104427	0.103925629517317	8.31833175894105e-10	1.27124573509648e-08
"YDR301W"	773.777201815667	-0.344767947343821	0.0727179089347535	4.255709790254e-08	4.29993328054429e-07
"YDR303C"	722.125850416747	-0.351342104969853	0.0701896646015909	2.03248992132612e-06	1.45839303552695e-05
"YDR341C"	3106.98688596704	-0.288152812107819	0.0703373913736292	3.94588582312065e-05	0.000204109082400281
"YDR359C"	363.575484212297	-0.375165828697062	0.0709532133276421	8.46595647632117e-09	1.02523649818843e-07
"YDR390C"	395.590439440869	-0.513465083372554	0.0736938905250399	1.11231541963217e-12	2.93800163398118e-11
"YDR416W"	273.642739641721	-0.382864733798516	0.0899511973286376	7.04452197930054e-05	0.000339767778282727
"YDR418W"	6600.3408456711	-0.420755456437981	0.0796696131646727	1.11046952650641e-07	1.02056713059336e-06
"YDR447C"	3027.25342283263	-0.429190372528882	0.0839276270842605	7.46331619939838e-07	5.84413027848722e-06
"YDR450W"	5211.41127426695	-0.473251052198539	0.0911314365702511	2.54502185062073e-07	2.1723348086278e-06
"YDR451C"	232.450975712233	-0.845131847515106	0.102338848478365	2.88110801337991e-17	1.61077947181382e-15
"YDR454C"	1316.60565746469	-0.453382674852102	0.0611470806837106	1.48200009398713e-14	5.0728258319182e-13
"YDR463W"	611.931738065385	-0.371043527083531	0.071070514477301	3.53315932751903e-07	2.94459204078573e-06
"YDR471W"	2808.69582821597	-0.592815739472943	0.109057879086069	7.66702699858593e-08	7.26526612055269e-07
"YDR500C"	1880.5028386421	-0.618229588922732	0.142540119755651	2.42980854574322e-05	0.00013307416761952
"YDR502C"	14197.3749132402	-0.534382426245061	0.0986469468598831	1.57476734671147e-07	1.4086818838783e-06
"YDR514C"	116.393244051573	-0.732189097251668	0.126512508250902	2.33343687245363e-09	3.20143721417002e-08
"YDR531W"	403.828529909651	-0.485553500935547	0.0809500634570865	5.20934444414998e-11	1.04326841420305e-09
"YEL021W"	456.840163957294	-0.493633677094527	0.136818517813682	0.000184126607224219	0.00078681873112566
"YEL051W"	997.592136287374	-0.423483777359231	0.0880498998859659	3.84611550886201e-06	2.59072178202362e-05
"YEL054C"	6260.89661376323	-0.345911682235655	0.081438953710491	8.792962762083e-06	5.36290792461953e-05
"YEL056W"	259.81992219749	-0.321997234798611	0.0868970534663104	0.000159112058784943	0.000692720832179224
"YEL072W"	201.679931638023	-0.738861049109818	0.13194031467245	1.20304573686595e-08	1.4012558764989e-07
"YER007C-A"	391.691929204736	-0.404348766638452	0.0937976038389394	1.95055301709801e-05	0.000109143120864975
"YER019C-A"	366.200869186176	-0.40679814753404	0.0783780908300724	9.55548140198198e-08	8.89150134894551e-07
"YER025W"	3528.64911541742	-0.33529887993525	0.0826257990334061	0.000168383803728966	0.00072624470902651
"YER055C"	3897.1419826105	-0.930807204377389	0.0689197503650823	3.27770938943993e-44	3.14145032767892e-41
"YER056C"	5092.89337978829	-0.936309602645452	0.224579260029823	1.7394442376533e-05	9.84804336743967e-05
"YER056C-A"	2353.96297557943	-0.613371235781875	0.119535397995231	4.66106756459362e-07	3.80427035168596e-06
"YER073W"	1282.13727470774	-0.638419241541619	0.192327385463882	0.000201917170707495	0.000854137640779688
"YER074W"	4934.14373030808	-0.45923531056141	0.0840911422717726	1.03159330735651e-07	9.54615103317904e-07
"YER078C"	325.354127452227	-0.469497466292104	0.072993282189871	1.63568456352201e-10	2.94203960768611e-09
"YER090W"	1725.36990726857	-0.447523374813994	0.0686148602874015	2.21442815448353e-10	3.89974604246268e-09
"YER102W"	3170.84701323692	-0.582299428472245	0.0836861362712216	3.6271070290032e-12	8.84047929098468e-11
"YER105C"	1879.79243026141	-0.397145696162059	0.0696414468871901	2.57080898615144e-08	2.77738445862964e-07
"YER107C"	369.007341273154	-0.397718676630367	0.0719914983824902	1.61149644507467e-07	1.4338942611355e-06
"YER120W"	1766.49528184116	-0.343868425145961	0.0561183515695751	6.54376914371559e-10	1.04033524135516e-08
"YER122C"	812.816861662508	-0.357401055746698	0.0902508522671845	0.000210621088501973	0.00088481257880524
"YER131W"	2500.29217537507	-0.751687111961455	0.0962600660698283	1.75686745213666e-14	5.89341186819241e-13
"YER132C"	1062.91644356382	-0.433396510045392	0.0774757675074578	1.46709699467092e-09	2.1031525079588e-08
"YER156C"	1232.60441049905	-0.613469970504404	0.0968285705707945	4.4109532491465e-11	8.9676016207648e-10
"YER164W"	1170.14808562147	-0.524116549928727	0.108373279294868	2.81024961854191e-06	1.9517561791716e-05
"YER165W"	10650.8517692746	-0.227301049807031	0.0561036484598157	0.000158509533796757	0.000691264379448874
"YER174C"	256.657891170667	-0.604637617359331	0.0956605288821282	5.58900299860932e-10	8.99199547186329e-09
"YFL002C"	605.447638339359	-0.410088498244203	0.110038246635271	7.49157248170557e-05	0.000357474820624201
"YFL004W"	1456.35150948292	-0.71964510467612	0.0962171974382994	1.37699237178845e-13	4.09976304164167e-12
"YFL022C"	3286.37749523285	-0.383225267799819	0.0660526939519728	2.19091869645496e-08	2.42156071408836e-07
"YFR002W"	690.315615991856	-0.440500101800484	0.0701305729518569	4.13401057710132e-10	6.831299744279e-09
"YFR005C"	272.660014276112	-0.311185900969834	0.0749652323099021	5.35960259740434e-05	0.000264783312415212
"YFR009W"	1717.42441539673	-0.439264129182276	0.0696582819378022	4.93160247823094e-10	8.03061189962412e-09
"YFR011C"	111.650571276153	-0.762014702173435	0.147861426487068	3.41267542495023e-07	2.85481788354004e-06
"YFR025C"	407.641285363646	-0.694806338476827	0.093361757304485	1.41306305243364e-13	4.15816573278226e-12
"YFR037C"	645.0309691555	-0.45634779948484	0.116498773003166	0.000221007934022653	0.000923251699475703
"YGL009C"	8331.54483313457	-0.631300690356173	0.105811712316124	2.72358194199671e-09	3.65450224977118e-08
"YGL016W"	1470.56154055988	-0.353517297422886	0.0945263299544124	0.000219420043228668	0.000917761265599212
"YGL031C"	4835.58851874841	-0.642674668803792	0.0857941394864149	1.68048191602165e-14	5.69411776494406e-13
"YGL083W"	333.265218815057	-0.449739607994673	0.119590960569033	0.000195279038609413	0.00082971948703645
"YGL092W"	1507.71404743226	-0.516184344313289	0.0775732295048373	8.57818252152286e-11	1.63497234479821e-09
"YGL097W"	825.72711192286	-0.490979152516622	0.0855650569531114	2.95617682945998e-09	3.93511713270774e-08
"YGL100W"	553.523000668003	-0.37123516383652	0.0640771935958661	3.31008455453454e-08	3.48077700256618e-07
"YGL102C"	237.093235057021	-2.16430001112642	0.382072366149832	3.25085446772628e-10	5.52151458834826e-09
"YGL103W"	10740.6947734464	-0.495325022231027	0.0692473164490752	1.67403863388317e-12	4.27038980787916e-11
"YGL105W"	2764.11280801257	-0.553973483188698	0.0672948992990652	2.95006842638585e-16	1.38405657850508e-14
"YGL112C"	552.959108524277	-0.479072798577068	0.0874068270293585	5.23039035151191e-08	5.15281774864808e-07
"YGL115W"	620.816313637012	-0.352674586287328	0.0716810140140878	3.42361748117703e-06	2.34378057971599e-05
"YGL116W"	226.840073106825	-0.400951842280164	0.0968599820537958	7.11278190488756e-05	0.000342076371325381
"YGL145W"	213.271965395372	-0.362269277742931	0.0838139983661324	1.46403038160053e-05	8.4528225732857e-05
"YGL147C"	6934.98597953743	-0.570292993113914	0.0946945727730762	2.50369997391827e-10	4.35163811528955e-09
"YGL155W"	346.741029921135	-0.321215421183477	0.0818728484683254	0.000145978227615894	0.000643897389266953
"YGL189C"	5252.34648594985	-0.525774413637466	0.102778362516601	9.85785280123854e-07	7.57575423178802e-06
"YGL209W"	298.2761209466	-1.02124683778517	0.183853543239654	2.55904926677152e-09	3.46142369571979e-08
"YGL221C"	496.44497157096	-0.275055374984319	0.0600590838619734	5.54674771855048e-06	3.5713177009362e-05
"YGL233W"	467.498040641914	-0.289533221168758	0.078554580775804	0.000101811260226049	0.000470745516786051
"YGL238W"	2422.91969523869	-0.251740037710735	0.0561128451416463	2.02645525307423e-05	0.000112825628986515
"YGL241W"	425.156293212168	-0.311545137714583	0.0725271399778815	2.11467387553767e-05	0.000117444925753164
"YGL245W"	7847.94584129242	-0.612493329326122	0.0650018156392103	8.16464091700852e-22	8.69469458923971e-20
"YGL246C"	251.310085741568	-0.421539311729528	0.110113666046401	7.06191523290119e-05	0.000340355522527345
"YGR001C"	405.791930318454	-0.728279303233601	0.0913760089477684	6.46039766144996e-17	3.46742463285342e-15
"YGR007W"	382.799735267692	-0.32565575369309	0.0763391168779601	6.65999502404758e-05	0.000322613044161265
"YGR017W"	223.327079704191	-0.74834135795635	0.118393429223814	1.12589170639667e-10	2.09822429394868e-09
"YGR020C"	765.648637528351	-0.441945767085224	0.057246314105822	1.73478168926033e-14	5.8485680167073e-13
"YGR027C"	3940.36663181992	-0.585125167275114	0.135574115960736	2.61567618991923e-05	0.000142555414769847
"YGR029W"	203.199508042272	-0.519660601135042	0.090630185957246	2.08611755765812e-08	2.31717925402787e-07
"YGR034W"	5704.90723612788	-0.465374940089063	0.0930423471713233	5.5702833282408e-07	4.47557255678653e-06
"YGR061C"	18680.8644040131	-0.464413154578079	0.118048049671915	1.80557315306186e-05	0.000101794876335227
"YGR071C"	316.324433558471	-0.611920425415115	0.110406625637799	1.32788385630568e-08	1.53071697456269e-07
"YGR093W"	233.190919719163	-0.475129743142807	0.111467090765795	1.69595925485464e-05	9.62621881626036e-05
"YGR094W"	13062.5102762756	-0.403577590016574	0.0797806456801052	6.19982959578835e-07	4.91082134098513e-06
"YGR108W"	479.429770167215	-1.55894418352706	0.150688750407394	2.38759996390523e-25	4.40860809808804e-23
"YGR115C"	15.3713860108826	-1.38505501834272	0.402428873469304	0.000208967537344348	0.000878973798146228
"YGR116W"	2437.30252040631	-0.458342154115165	0.130005014727707	0.00022517474271755	0.000937738888201145
"YGR118W"	5068.90401345223	-0.334713043568782	0.0767109978887299	3.59360065981418e-05	0.000187768433229699
"YGR123C"	874.84152238742	-0.623559143216539	0.120139294020813	5.05957853568638e-08	5.01399001416838e-07
"YGR126W"	89.978771229253	-0.653411678325502	0.144359257520093	2.23331703836807e-06	1.59227672799271e-05
"YGR148C"	2707.55664348748	-0.409627068687062	0.0749390252977905	5.26498601681693e-08	5.17929489542885e-07
"YGR158C"	225.460334533128	-0.446507318667833	0.120723859348046	0.000103776892714408	0.00047818624534407
"YGR163W"	272.063358412419	-0.415472695759168	0.101918527176373	0.000126903708579913	0.000571024132033963
"YGR187C"	238.847185841904	-0.546774545006172	0.131173946096278	4.65743592642479e-06	3.07809573277028e-05
"YGR208W"	390.40791325486	-0.614182404643477	0.106162035614597	1.57112054522829e-08	1.79874534777075e-07
"YGR234W"	6281.5073422688	-1.33572233662789	0.180500153662921	2.48881294342631e-14	8.14509562802299e-13
"YGR239C"	229.988697739498	-0.730861528739547	0.15613942086548	3.97278798732724e-06	2.67068483035856e-05
"YGR261C"	834.399247725898	-0.374682649977286	0.0693998003921549	1.53855521784324e-07	1.37812642944062e-06
"YGR264C"	4422.94255107092	-0.611915960295951	0.0853688527557841	1.05455336956509e-13	3.20135681285619e-12
"YGR276C"	293.258309030852	-0.448150123184424	0.0813471364782902	5.80518069367e-08	5.66089495259186e-07
"YHL001W"	1994.95865489796	-0.385496030050122	0.0929623852598711	0.000110574002523641	0.000507415173003493
"YHL015W"	7066.25684227104	-0.50640388379419	0.0904282767882234	1.74566000578678e-08	1.97165538364033e-07
"YHL028W"	469.420784605077	-2.36284565580557	0.21769012902242	3.72532300165844e-31	1.31543115884876e-28
"YHL033C"	6287.80156171439	-0.506463210447033	0.110030067640931	1.35443696513867e-05	7.89480243189867e-05
"YHR003C"	302.674917884605	-0.775107589467538	0.0944128250018631	5.91761135708432e-20	4.61642495286962e-18
"YHR005C-A"	446.22151591496	-0.546568008780553	0.105975987469914	5.55355091561767e-07	4.46747878811498e-06
"YHR010W"	5212.92515333156	-0.366687421307623	0.0758195774020136	6.00235372944033e-07	4.76565575985978e-06
"YHR018C"	5086.03145959743	-0.85214624435007	0.116666227750676	2.19442273134997e-13	6.23239422897272e-12
"YHR028C"	1928.21118927272	-0.344164584634622	0.0890245011376172	0.000226217546565862	0.000940913527532775
"YHR029C"	461.770746301771	-1.09121264160381	0.134133808001699	2.40325991765937e-17	1.35491351156107e-15
"YHR037W"	1291.08132564166	-0.355053511195006	0.0737035074073888	2.68369735517978e-06	1.8755130787397e-05
"YHR039C-A"	605.113872448508	-0.518399854559574	0.0908547223827082	2.70014556061551e-08	2.89381414795039e-07
"YHR046C"	156.785980287131	-0.67350116162538	0.138742742900783	1.43015679758391e-06	1.06491919589239e-05
"YHR056C"	426.33902048826	-0.477777244423009	0.0900503594482751	1.37288317128746e-07	1.24026001025513e-06
"YHR063C"	594.637688057972	-0.589242139296539	0.0742370361460117	9.54630365358694e-16	4.13200975560741e-14
"YHR063W-A"	34.102682596254	-1.47591091606107	0.305243683717408	3.70124071695208e-08	3.82613620493551e-07
"YHR067W"	154.015642073228	-0.533460979864651	0.134375337381029	2.77455741911165e-05	0.000150116981651775
"YHR068W"	2397.54787946993	-0.328858366667891	0.0609891726979005	4.62979319756358e-08	4.65686395239191e-07
"YHR099W"	5201.36695023657	-0.453087262324247	0.0839373969293863	1.6564985855371e-07	1.46615422300374e-06
"YHR108W"	1261.69838799216	-0.327670602212808	0.0584189384700939	7.22864862928151e-08	6.87900761047513e-07
"YHR141C"	3757.42868225185	-0.680516697588324	0.110848515233125	6.83577444127771e-10	1.07152361510589e-08
"YHR144C"	111.720103959507	-0.476994139371592	0.10989093286519	1.58069578078834e-05	9.04853924343766e-05
"YHR186C"	1259.55452246211	-0.211681072227037	0.0587798125497626	5.47104588220631e-05	0.000269495204285772
"YHR196W"	522.873472890026	-0.625092900454483	0.122223293108718	3.05936836695477e-08	3.2631641293958e-07
"YHR208W"	5033.93762139709	-0.765449999897398	0.107342322443265	6.22530201450536e-14	1.96714761333103e-12
"YHR216W"	3329.70852800175	-0.603428286520289	0.131247271634002	5.75274920348051e-06	3.68978914016737e-05
"YIL004C"	132.870327200613	-0.436503001849614	0.10322630722486	7.70643717184744e-05	0.000365905781924448
"YIL016W"	176.92352998303	-0.59031347092544	0.0895433235459596	8.33722710346676e-11	1.60270649390139e-09
"YIL020C"	130.15885382587	-0.752833381097226	0.15844855346609	2.30183321921384e-06	1.637645712376e-05
"YIL035C"	295.820338823261	-0.43192867440849	0.0848569477042756	6.35940979338934e-07	5.02423584946586e-06
"YIL044C"	290.059892858315	-0.46414330569729	0.106063704664716	3.25980117130111e-05	0.000172476388472075
"YIL050W"	210.690980160902	-0.640766514985057	0.0934330301584581	6.24537847129989e-14	1.96714761333103e-12
"YIL052C"	3808.92576139467	-0.469299568910885	0.0999490061356035	8.63652657042262e-06	5.28190125441799e-05
"YIL078W"	7996.4911214581	-0.488587445873153	0.0555327297935934	5.46331393604722e-18	3.45786539593781e-16
"YIL094C"	3550.31293913033	-0.728663908554475	0.0872792936800732	5.35417637100722e-17	2.92042026610467e-15
"YIL096C"	125.837568861774	-0.809406674116366	0.174005060187793	5.43999956202032e-07	4.38665349298009e-06
"YIL116W"	1625.94469952128	-0.42174538246053	0.0931446974242373	6.2926239709981e-06	4.00923211979357e-05
"YIL118W"	444.387363038266	-0.473791034316352	0.0707489309021053	2.33084571281637e-11	4.96433139278889e-10
"YIL119C"	396.687742560452	-2.06195463314147	0.257172747664171	8.55697349258455e-17	4.4850574345117e-15
"YIL121W"	1960.39580619654	-0.96910320547485	0.263749268113168	0.000175902859693327	0.000755161555782757
"YIL128W"	760.14375009095	-0.462600856723968	0.0745093154169802	1.87539566862856e-09	2.62125615433938e-08
"YIL133C"	7120.03056663475	-0.436460675483616	0.102011089551296	1.42293786681064e-05	8.2510718655424e-05
"YIL146C"	337.997236614429	-0.423724598800413	0.103628143548276	9.96930035563448e-05	0.000462545201147661
"YIL148W"	3703.3041462295	-0.73522132889886	0.151702710009895	1.59885281880745e-06	1.17172988180944e-05
"YIL158W"	131.303089216874	-1.02533337697003	0.110434437876659	1.03515167018319e-20	9.01926305877798e-19
"YIL164C"	344.406984603415	-1.38772871995648	0.232076509156051	1.08859716664548e-09	1.59811780985219e-08
"YIL165C"	272.495948060268	-1.6036289437996	0.181495301172694	2.06170866242571e-19	1.55415768721506e-17
"YIR031C"	2503.42019187933	-1.12960212011771	0.258402870577322	6.57000090836622e-06	4.15439548484722e-05
"YJL044C"	410.589383453786	-0.294162712374066	0.0696634100757728	8.50620479510133e-05	0.000399636750492541
"YJL080C"	5985.21044797158	-0.336610047705543	0.0874986245557357	8.25952734203993e-05	0.000389684732332953
"YJL081C"	402.906868145196	-0.42911266566896	0.0925011822058293	1.15833994979136e-05	6.86510841267688e-05
"YJL124C"	348.87631827283	-0.305394052303388	0.0652304619695004	7.07358207388287e-06	4.4269274378433e-05
"YJL133C-A"	1405.05332132265	-0.64292268840145	0.185063434242504	0.000208447846517483	0.000877337893529356
"YJL136C"	1419.86734431435	-0.574964320561595	0.13768558724026	5.04257169221995e-05	0.000251847735901775
"YJL145W"	328.257196379437	-0.456308089011009	0.0971273018122581	2.67498461408149e-06	1.87137349070622e-05
"YJL147C"	86.1357964040714	-0.550671925689618	0.140725839323112	0.000171398967730189	0.000737598251765129
"YJL177W"	3706.61037999687	-0.366427942910346	0.0704340185606507	1.83082016760454e-07	1.60771891419619e-06
"YJL197W"	785.535919593964	-0.493061410215608	0.0816555460535064	2.65327491244949e-09	3.56729887527528e-08
"YJL200C"	7181.01448926824	-0.899014387554212	0.0878413789459336	2.01699871395332e-27	5.63835182163034e-25
"YJL207C"	1552.89610932208	-0.451079591533457	0.0859613232782941	4.68911105252663e-07	3.82250863322007e-06
"YJR002W"	659.840721413908	-0.636458388431555	0.160592850686437	1.49920799703794e-05	8.64848362177776e-05
"YJR005W"	418.290309119242	-0.381396798119499	0.0726025787597479	5.18962849042785e-07	4.19801157150885e-06
"YJR010W"	4154.41761744212	-0.491415064129073	0.142240994280857	0.000227092677201646	0.000943383759347271
"YJR042W"	567.804961606528	-0.462757727294848	0.116054436509574	0.000118787574831247	0.000539205574792178
"YJR094W-A"	1513.08624294838	-0.644112080586049	0.14889333408755	2.40661147458427e-05	0.000132172429093434
"YJR101W"	257.073518481138	-0.419342533548384	0.0952172698448631	1.9251535009499e-05	0.000107887969941881
"YJR123W"	20009.5729394868	-0.416250299366613	0.0746771522304017	3.77732454523338e-08	3.88948639897625e-07
"YJR133W"	375.359835418414	-0.57081975612942	0.08651615842777	1.3076500802415e-10	2.39700119900005e-09
"YJR137C"	17973.9547514233	-0.772283472639631	0.102679164285051	1.53842293804935e-14	5.23922816820968e-13
"YJR145C"	15403.6564043736	-0.454363239175165	0.0671352207291735	1.15656686819992e-12	3.04290475245227e-11
"YJR152W"	3402.40740570147	-1.52327557505147	0.288609609135741	6.29341746415281e-08	6.075185290216e-07
"YKL014C"	2635.45932992492	-0.623937171558352	0.153631364553226	3.46438367316976e-05	0.000182009005977258
"YKL021C"	323.606684935351	-0.604291512830459	0.139620679881104	1.54801365115099e-06	1.14253284769769e-05
"YKL027W"	324.570047918925	-0.471969333369251	0.0814583819203112	5.9853313658834e-09	7.56225765229976e-08
"YKL029C"	2786.34215914416	-0.986089222736342	0.204629151423655	1.2453015230724e-06	9.37679901042955e-06
"YKL047W"	237.548084858379	-0.408404209655013	0.0985919320024236	4.72622577743363e-05	0.00023840788526919
"YKL060C"	89597.247000614	-0.631239234729454	0.145631498290708	2.41321107686614e-05	0.000132381301019582
"YKL068W"	807.56045124951	-0.499962221674459	0.0940551005385294	3.42877393567423e-07	2.86471286854775e-06
"YKL106W"	495.970988759544	-0.833775509851463	0.0840760790418191	1.86055544746185e-24	2.83692420386854e-22
"YKL114C"	199.94589209228	-0.400739633823712	0.0966892922671489	0.000114650478935973	0.000523971432684906
"YKL120W"	800.596388410422	-0.592546740934024	0.111875649272103	1.14817626359191e-07	1.05233805361177e-06
"YKL128C"	433.609227314619	-0.413906215646483	0.0841046939154324	8.8724232958835e-07	6.87159382524545e-06
"YKL152C"	24352.2689413069	-0.741127427350221	0.154217049021381	1.32150354755644e-06	9.89505279079928e-06
"YKL153W"	146.578109480813	-2.19197875971083	0.386344712468933	1.04429418280318e-10	1.97356892181029e-09
"YKL156W"	1164.05001278947	-0.576107865093472	0.0956027487823697	4.21966713537145e-09	5.43373259332189e-08
"YKL166C"	194.377419402059	-0.645690090406877	0.0816224546624745	2.85344902773629e-15	1.12610526629899e-13
"YKL180W"	8385.62986141704	-0.562747344117709	0.0814100990680856	8.91767402561204e-13	2.37415377134251e-11
"YKL182W"	81007.0675143036	-0.500086227195647	0.129013889721719	1.92855201604722e-06	1.39125327695278e-05
"YKL201C"	723.584191035817	-1.00287727327418	0.198630765414068	5.20773020045364e-08	5.13803851688874e-07
"YKL205W"	804.482960367161	-0.548830982601501	0.0985123266538509	5.55475455484898e-09	7.07150821792824e-08
"YKL212W"	2192.61211458801	-0.333974825828353	0.0589369510006708	4.10322419939872e-08	4.17731883972171e-07
"YKL214C"	172.484372082201	-0.410923174232972	0.102995702771147	0.000175930468279691	0.000755161555782757
"YKR007W"	99.2617413488423	-0.506199548788677	0.12371044508553	7.36499161144478e-05	0.000352688998723648
"YKR008W"	324.676585549909	-0.488683848921204	0.0868102429520076	3.3404738373877e-08	3.50175608984908e-07
"YKR026C"	383.100171166588	-0.306006367106883	0.0746168441354826	0.000118259048789245	0.000537169910851079
"YKR027W"	251.01381425017	-0.490169410684553	0.0904968981870951	1.88275211645085e-07	1.64471145172771e-06
"YKR034W"	402.165778615246	-1.53670479090716	0.307749565201415	2.05765724442743e-07	1.78126741327273e-06
"YKR039W"	21427.9314657457	-1.42242807198506	0.311539192836306	2.79496623559816e-06	1.94315320980602e-05
"YKR055W"	122.798274859569	-0.465200237093955	0.102447206879008	9.53625200027478e-06	5.77946835319273e-05
"YKR057W"	2528.37009560524	-0.457933957916084	0.11332336145722	0.000124694873548302	0.00056221633510454
"YKR072C"	399.438953315143	-0.496714751619028	0.115799615582422	4.10367257405811e-05	0.000210969649803493
"YKR082W"	1136.09917963189	-0.484021461765662	0.0901439145125595	1.85694359727611e-07	1.62428091188076e-06
"YKR085C"	130.463907899341	-0.416138393696483	0.0965935465111251	3.40261831356425e-05	0.000178904124339362
"YKR094C"	3644.1890749159	-0.636891702529646	0.104976268062002	1.21001766924084e-09	1.76095629998629e-08
"YLL018C"	4916.47887775174	-0.265224544637754	0.0586105819198351	2.34716511410982e-05	0.000129197508923309
"YLL032C"	212.394714381666	-0.370854658599133	0.0815304161356502	9.1242524988399e-06	5.53978371173909e-05
"YLL034C"	765.118415356337	-0.611099105566581	0.175494049909045	9.38141667797707e-05	0.00043677948988583
"YLL036C"	274.906792893143	-0.517141048673708	0.104760350509558	1.40939470368682e-06	1.05062545189276e-05
"YLL045C"	10521.4073391141	-0.464033958591167	0.0726709118649094	5.20003487086172e-12	1.23712886342593e-10
"YLR002C"	457.952606122654	-0.509961117755044	0.135690063417608	7.63384117908977e-05	0.000363230074258959
"YLR060W"	2930.25110629619	-0.544172003453235	0.0864002248334492	8.63295266474532e-11	1.64029211737588e-09
"YLR061W"	3641.36775025362	-0.552347417409761	0.119918488135264	5.25890338671256e-06	3.4055967974377e-05
"YLR076C"	113.4111590625	-1.70953012680688	0.511386207919254	2.64149262253292e-05	0.000143612431155376
"YLR114C"	507.160411788831	-0.32163034460055	0.0783500972410728	4.01849507715262e-07	3.31612342836617e-06
"YLR129W"	985.108596147513	-0.492365250041265	0.135456723169255	8.32995533157374e-05	0.000392282962993417
"YLR143W"	258.751023691832	-0.493614536935765	0.107269909636335	7.26839716135978e-07	5.70335398310676e-06
"YLR182W"	256.276564100241	-0.447593768696898	0.112620774064384	0.00013635600464459	0.000607848794126612
"YLR185W"	2420.56736642239	-0.664087357179359	0.158020757471307	3.91245325179576e-05	0.000202535870881927
"YLR215C"	173.952832195112	-0.474596673814048	0.107072529573043	2.30949704096433e-06	1.64135758981247e-05
"YLR253W"	379.385629235241	-0.325505630241712	0.0859811354769421	0.000124071134097834	0.000560292565978264
"YLR256W"	1377.91242254282	-0.436290794433026	0.0929303503885092	6.55579551271734e-06	4.14932378253025e-05
"YLR264C-A"	43.6275019133362	-1.15118225142928	0.364138057538697	0.000148950195910603	0.000656143706082886
"YLR268W"	397.600092993659	-0.415249155338758	0.092378000538663	2.28742157361012e-05	0.000126307089196299
"YLR278C"	701.048939376556	-0.298722806546523	0.0683551199705874	5.04521325163192e-05	0.000251847735901775
"YLR285W"	267.338164300589	-0.486470448118157	0.0863205787805507	2.31362026255588e-08	2.53628731070055e-07
"YLR287C-A"	1778.72110508201	-0.488235386690284	0.106376382113926	1.13411761896165e-05	6.72749346208109e-05
"YLR325C"	3650.23684663407	-0.424777405465295	0.0755962181413578	3.41476164092838e-08	3.55363938888286e-07
"YLR328W"	505.086172411632	-0.688694911961559	0.0867553003584775	5.09729749665786e-17	2.8030958118916e-15
"YLR333C"	1595.00321547131	-0.456141928992294	0.0989330104638691	8.96338007934253e-06	5.45197796485123e-05
"YLR344W"	2398.00947964917	-0.468695698811739	0.120470579253049	0.000142717427803349	0.000632424850153679
"YLR351C"	771.446727938287	-0.390137344406926	0.0492615819733651	6.86795462865479e-15	2.51787473243962e-13
"YLR357W"	495.184587596743	-0.446436413670022	0.0794933860657721	3.41645164082492e-08	3.55363938888286e-07
"YLR359W"	7925.40271339975	-0.625973369784201	0.104628579748086	3.94755387326467e-09	5.12265743437769e-08
"YLR388W"	707.158373854951	-0.711858780587903	0.168669619384037	3.25550770821676e-05	0.000172385171384579
"YLR403W"	695.321208373969	-0.333059526276946	0.0566428767271431	2.33952601330337e-08	2.55633225134403e-07
"YLR405W"	199.44150500524	-0.337220428243484	0.0840029383135189	0.000138848000807316	0.000617316923403767
"YLR406C"	1554.55332787395	-0.55767139677135	0.0800221106688244	5.7899068035815e-12	1.35819876731567e-10
"YLR413W"	1477.21966858072	-1.58306713288287	0.215925462733327	1.52395518129928e-15	6.43032409518044e-14
"YLR420W"	667.1620630495	-0.4785531058495	0.0634843645031176	1.0506212096135e-13	3.20135681285619e-12
"YLR432W"	9258.67054201558	-0.701341912356759	0.0846842671576894	6.86379068760995e-18	4.26381219659029e-16
"YLR441C"	11433.8683037001	-0.42225234489053	0.0757660756464098	3.21269809724947e-08	3.39432937550342e-07
"YLR448W"	4814.93046521792	-0.430864795791954	0.0678883055822051	3.58423044047315e-10	5.99665885913575e-09
"YML006C"	243.112445998484	-0.564064771261389	0.0867334459521743	1.20670277908093e-11	2.71670098820603e-10
"YML024W"	4829.34424001666	-0.661321939823883	0.123904591395784	1.62039478101439e-07	1.43799319918327e-06
"YML026C"	5138.58626624915	-0.453150128453841	0.0714442472967922	5.11453159337743e-10	8.28825904830173e-09
"YML063W"	15012.8271269571	-0.459872586375737	0.0742920203175287	5.75065531171674e-10	9.20791085592067e-09
"YML073C"	5172.54067360124	-0.489235699624511	0.0826062675277895	1.01931930161132e-08	1.20398119621662e-07
"YML076C"	471.094672404415	-0.458640365912085	0.0971472061977586	2.89786659017441e-06	2.00637636258825e-05
"YML081W"	1081.94086716216	-0.4179663961279	0.0673975160247667	3.4619097134304e-10	5.85036581042935e-09
"YML105C"	317.014909314102	-0.525229702886062	0.106403726317094	1.19013444946658e-06	9.00181738610069e-06
"YML124C"	1257.33676789371	-0.308091866845725	0.0673596439064686	1.82776173704831e-05	0.000102872931995446
"YMR012W"	7072.56446228814	-0.389646523320542	0.0941916431743726	8.67480012391437e-05	0.000406785723846526
"YMR016C"	410.498004428358	-0.525489139918778	0.123061325120837	4.84180279196671e-06	3.18155288259595e-05
"YMR026C"	224.073444732835	-0.395703073395494	0.0944840575079507	0.00010143194534007	0.000469639007099055
"YMR032W"	193.555966255219	-0.495076753362408	0.109579843143407	2.86001508694406e-07	2.41660468744429e-06
"YMR033W"	407.900137914818	-0.45380919377477	0.0778006568643117	1.46005965647604e-08	1.6773185334414e-07
"YMR044W"	157.470394324621	-0.494628214421928	0.120607388930405	3.82385682634752e-05	0.000198255451684432
"YMR062C"	1802.76179970341	-0.709326146500866	0.0774296951864145	1.05469712434395e-20	9.07174744515839e-19
"YMR080C"	1997.63818707019	-0.366745998362573	0.0743655476022114	2.58073063911498e-06	1.80920813561363e-05
"YMR091C"	304.480650328007	-0.633546535197714	0.0900429147932605	1.38212380897551e-12	3.59405761023902e-11
"YMR120C"	14226.8956891044	-0.832040916965187	0.183618894147166	6.49564969101734e-06	4.1151382225718e-05
"YMR125W"	1634.98183894314	-0.509494846391445	0.0642912771847222	2.16168268750523e-15	8.6325768752813e-14
"YMR126C"	139.866062122788	-0.527485499941679	0.104918759635666	1.23135607353147e-06	9.28221112058723e-06
"YMR129W"	1486.94715195596	-0.494471158398242	0.0779315123151041	1.76216984668244e-10	3.14425465462567e-09
"YMR130W"	202.307935178656	-0.528183550117575	0.105860036447214	1.61671352997989e-06	1.18282781599074e-05
"YMR142C"	8521.69152916042	-0.449481322580182	0.0677472817222089	4.87697696199236e-11	9.82571724865068e-10
"YMR143W"	4415.05910674914	-0.470078745552013	0.104417599867104	6.71723438917907e-06	4.22920004073197e-05
"YMR146C"	1944.4480084589	-0.571128881066553	0.0939101872912453	2.24240460709961e-09	3.09553343807228e-08
"YMR183C"	432.377803323892	-0.487476609903025	0.0808801292518835	6.51749586565467e-09	8.17306163788358e-08
"YMR189W"	7517.94646243256	-0.870546860717971	0.232611297147724	0.000158444391414388	0.000691264379448874
"YMR194W"	1093.43041249558	-0.796292757832664	0.12816684978761	2.71113109606949e-10	4.69999445052461e-09
"YMR195W"	276.410720995522	-1.07449285956054	0.243016368645101	1.30679486464132e-06	9.79585111383084e-06
"YMR212C"	867.441606168659	-0.379708429411344	0.0920988488335725	5.19418905299198e-05	0.000258131958196468
"YMR229C"	7755.67440372173	-0.766411904826839	0.190994166825707	1.29023413021444e-05	7.54680102842954e-05
"YMR230W"	2417.92264290422	-0.550877521513439	0.0926886208138729	1.68545022681424e-09	2.39063119909023e-08
"YMR237W"	1264.00190129366	-0.300378831364272	0.0696636847858915	2.4074334230463e-05	0.000132172429093434
"YMR242C"	5889.42045257497	-0.567532072864276	0.0951897425281181	8.0558171417543e-10	1.24531053465506e-08
"YMR246W"	2913.26471735261	-1.26909945457208	0.157196412468034	4.48587587519004e-16	2.0473293365068e-14
"YMR260C"	1142.85428046306	-0.313407208054106	0.0696018165158586	1.2187561761907e-05	7.18509243063567e-05
"YMR266W"	3089.22591495218	-0.709448246086896	0.136277350243739	2.95727292547862e-07	2.49250553480352e-06
"YMR267W"	214.680235499248	-0.450482844801485	0.097781241417241	3.64703293779483e-06	2.47651254854914e-05
"YMR282C"	234.346590457999	-0.312556423774611	0.081593885674048	4.3974878208115e-05	0.000223675100756818
"YMR283C"	136.194153836097	-0.469871594497214	0.0995430524609414	4.46466716676336e-07	3.66269897746471e-06
"YMR285C"	200.07722294043	-0.52138904317199	0.120790886108646	1.53734149549991e-05	8.853239565072e-05
"YMR286W"	89.9580717126533	-0.65616006268509	0.138774407206967	4.86593796055354e-06	3.1911610730551e-05
"YMR288W"	268.462541273106	-0.438564591718803	0.108118612769837	5.07369405682666e-05	0.000252893116101412
"YMR300C"	3192.27952782271	-0.583898916590367	0.151113640463068	0.000200653566147636	0.000849327933933433
"YMR308C"	4220.94587480269	-0.358661764211975	0.0880422847875035	0.000107896512296675	0.000495806644519446
"YMR309C"	4170.98245062803	-0.367233533020864	0.0919260133689461	3.33909794709729e-05	0.00017597806855519
"YNL016W"	2532.51333112603	-0.477905052655989	0.0813054738792721	1.65315539881164e-08	1.87983382553005e-07
"YNL040W"	240.697433408557	-0.676382404182066	0.135367891221749	9.07601426846061e-07	7.00701722981614e-06
"YNL042W"	122.430841200073	-0.381233393366281	0.103995472987027	0.000177995489090389	0.000763536915797582
"YNL047C"	260.227578585643	-0.347599089917126	0.0870823208074628	0.000231419330178605	0.000958982264464645
"YNL065W"	286.52496331872	-1.02001187422627	0.240077362884257	8.38886696952617e-06	5.13994009824114e-05
"YNL085W"	2877.08094136583	-0.263470270897346	0.0602908795157364	5.75359967954298e-05	0.000282583457174625
"YNL087W"	2134.38031422165	-0.546439161227962	0.10127359609752	3.45471878735673e-08	3.58641246722006e-07
"YNL096C"	2982.0452148477	-0.545898082747115	0.0899978007310638	3.54018844688495e-09	4.63889146292014e-08
"YNL098C"	681.768057468465	-0.353277495992354	0.0883294343976541	8.84198250084737e-05	0.000413097915029143
"YNL119W"	222.316108488748	-0.568932534408038	0.120535184392395	1.83502242854324e-07	1.60930267622178e-06
"YNL129W"	153.328836708318	-0.818464599620018	0.113373977791738	5.66216298514734e-13	1.52560046053629e-11
"YNL153C"	185.590561135066	-0.455402792723126	0.0989068373072344	7.93624201990692e-06	4.9073039365489e-05
"YNL154C"	982.737108763031	-0.506405662149762	0.0637346588803461	9.60603722667316e-15	3.44635848950536e-13
"YNL162W"	3200.04682723375	-0.641200547423237	0.111772295416718	1.980999421459e-08	2.21140185001138e-07
"YNL163C"	855.004303021715	-0.406841835819216	0.0995354788889773	0.000151588141661161	0.000664709047323353
"YNL178W"	14047.2130812486	-0.411880929962488	0.0672669246923936	2.21464188728317e-10	3.89974604246268e-09
"YNL216W"	795.877329172428	-0.362305488177788	0.0852337230305959	7.78817380456635e-05	0.000369264014521807
"YNL220W"	5348.30683031349	-0.453185881615648	0.111860026580012	0.000102017215297365	0.00047137293211434
"YNL236W"	522.767241864721	-0.265656197365531	0.0713414432458843	0.000149274926544295	0.000657142704846244
"YNL247W"	2336.57189949553	-0.457269085998195	0.0693249934692337	1.39464743188071e-10	2.54950670857975e-09
"YNL256W"	1322.91094813149	-0.728081574671956	0.11740923353749	9.62634594563984e-10	1.44481330982769e-08
"YNL290W"	279.23795720503	-0.309571508467605	0.0795199212990866	0.000135714047323191	0.000605792111437982
"YNL302C"	4644.59648614833	-0.535729854669495	0.070471811767356	1.35556951275041e-14	4.71218438395986e-13
"YNL311C"	436.035355141832	-0.734420863671901	0.094205750767358	3.63857266772208e-15	1.39492480158557e-13
"YNR012W"	383.140230803779	-0.52805328374257	0.123907704948745	6.47110549615535e-06	4.1034637782331e-05
"YNR051C"	727.947854815256	-0.428716327281661	0.0892250202325652	5.09719223985735e-06	3.32010317836922e-05
"YOL021C"	1616.58209274556	-0.458594111200416	0.0957483960847799	3.01209898174396e-06	2.07903004820167e-05
"YOL056W"	96.6703963578296	-0.723177050977893	0.151631140037803	3.30395419711943e-07	2.7673194392602e-06
"YOL064C"	1212.08111252283	-0.652061637920605	0.106611982939166	1.97057472778462e-09	2.73718133513603e-08
"YOL065C"	108.135194402385	-0.411907851096477	0.110373220489213	0.000124101170523729	0.000560292565978264
"YOL076W"	592.307129720475	-0.426766529487151	0.0968672255932607	3.69964491075175e-05	0.000192559485696148
"YOL093W"	111.75248755658	-0.625989965838365	0.144264246902367	2.17307969446176e-05	0.000120489187356562
"YOL095C"	104.133187203576	-0.489793868591079	0.109809075418272	1.97682913157806e-05	0.000110429197699893
"YOL097C"	1825.21375841235	-0.55768337982553	0.0872111267808542	8.50517458262568e-11	1.62567567734575e-09
"YOL098C"	1914.24266747419	-0.233958304427879	0.0595330875683795	0.000188201016740904	0.000803206502108605
"YOL102C"	85.5591433721587	-0.47144815109335	0.115705973374635	6.27865747307996e-05	0.000305685870732173
"YOL115W"	296.938766977019	-0.481065105601243	0.117945097320127	0.000123698223016544	0.000559225996103768
"YOL121C"	2650.8213587864	-0.454947513973112	0.0793152323098505	9.19512160125048e-09	1.10232668858156e-07
"YOL127W"	7582.43121039061	-0.495069382173453	0.0898118837483064	2.07669132007075e-08	2.3105343393623e-07
"YOL141W"	205.26514312686	-0.555822349994641	0.121677658056538	4.36492073340653e-07	3.58875651965985e-06
"YOL145C"	883.482951639245	-0.348166761707449	0.0870130267377345	6.4455308980298e-05	0.000312902075216222
"YOL149W"	132.884106978945	-0.772512808141824	0.10673329879833	3.7618147378677e-13	1.05158396151477e-11
"YOR046C"	981.956002465377	-0.4119422412964	0.0853499561949147	1.56882013950997e-06	1.15236435118407e-05
"YOR047C"	284.20840953441	-0.81126905035024	0.129537895936432	8.40869271146124e-12	1.91884079595896e-10
"YOR051C"	654.801257706338	-0.338500612122568	0.0638000400214089	9.00895564536232e-08	8.41797819286014e-07
"YOR061W"	574.441051768169	-0.44939125986836	0.0935047518190401	8.19438070265595e-07	6.38514519560032e-06
"YOR063W"	40087.4340019732	-0.397865906481147	0.0742451258461764	6.46269900625613e-08	6.21178332850608e-07
"YOR092W"	1062.40017294218	-0.659375307023212	0.159845413477817	2.4689612391506e-05	0.000135108164383861
"YOR096W"	11558.406582982	-0.363544300701368	0.0886490788872926	4.44023916326503e-05	0.000225678519290493
"YOR101W"	360.649193247056	-0.956740356037339	0.11574423528215	2.05067628652667e-17	1.17589634241944e-15
"YOR109W"	1316.88980912394	-0.281819761677348	0.0687448906446109	1.50716829268777e-05	8.68693477288851e-05
"YOR123C"	188.012745949863	-0.552153676984582	0.10573157830811	8.53715001029495e-09	1.03199530484809e-07
"YOR128C"	2120.40692440343	-0.606200302014627	0.11022437247096	1.59239303077528e-08	1.81999401081284e-07
"YOR143C"	160.581555293197	-0.607941546531682	0.117055993124572	8.69968004407671e-08	8.15169740442886e-07
"YOR146W"	17.63794193772	-1.16065239223328	0.369702195789745	0.000207895376421513	0.00087556188349776
"YOR164C"	376.341105639301	-0.336444993095096	0.0781011688588701	2.34747001606071e-05	0.000129197508923309
"YOR165W"	1030.50071893313	-0.362725818260418	0.0779016077377999	5.85092118095041e-07	4.67307502416623e-06
"YOR167C"	2207.73973332913	-0.607983246584616	0.141226364230708	2.51692506379025e-05	0.000137508552548606
"YOR168W"	2992.94050252436	-0.698959250594981	0.102543927548498	8.54186991901292e-12	1.93606098941411e-10
"YOR209C"	1151.99095284051	-0.50759183588327	0.0761665906829437	8.30582729811112e-12	1.90752615373677e-10
"YOR217W"	529.265174837659	-0.288190644776472	0.0796181937888791	2.08694359679751e-05	0.00011600086653616
"YOR222W"	1029.96544473234	-1.21147521605023	0.0974513973115063	6.89895690888813e-40	4.20773653652095e-37
"YOR229W"	200.440173400026	-0.628502100522925	0.120875356585952	2.85084328918919e-07	2.41189251288402e-06
"YOR232W"	562.494402982231	-0.318488073031889	0.08045246159905	0.000168965714950074	0.00072806100295443
"YOR234C"	1966.13809996234	-0.518532685021293	0.131028204030377	0.000170921652110236	0.000736016279850815
"YOR236W"	168.526473279027	-0.703849752980814	0.111933917359826	1.97487675226234e-10	3.50514500818201e-09
"YOR239W"	550.175640815601	-0.513773567321586	0.0900299845807083	4.21425016489957e-08	4.26841753235444e-07
"YOR241W"	604.433772614084	-0.362817083270152	0.084057810269017	4.96130037146671e-05	0.000248955603531564
"YOR260W"	1392.44820353624	-0.448555242790068	0.0811915610541817	3.99273246822219e-08	4.08342105629614e-07
"YOR267C"	700.290252696693	-0.920236734824696	0.112685523622733	1.67855472347466e-18	1.12614236397915e-16
"YOR276W"	1053.20962001427	-0.361342460410858	0.0815543439547976	5.1402499157568e-06	3.34490171530673e-05
"YOR293W"	4701.1715674717	-0.477368619366881	0.0875938534755759	1.46951523453136e-07	1.31804514819129e-06
"YOR312C"	5558.34980725575	-0.52092409503883	0.0897962802975769	3.19382610529107e-09	4.20970124565772e-08
"YOR313C"	52.7295362026277	-1.41834391785385	0.273281452472226	1.09777287836429e-07	1.01167008804204e-06
"YOR315W"	676.291823198443	-1.76966274411727	0.147337446364993	2.09057126940522e-36	1.07889558818766e-33
"YOR323C"	1657.10077453195	-0.497982568214025	0.0660013700756786	1.11254904495828e-13	3.36220339757887e-12
"YOR335C"	9776.27049182885	-0.349382424771946	0.0791003435363779	3.05183914542202e-05	0.000163145727702281
"YOR342C"	391.862480439734	-0.441397867137642	0.0981647143117168	1.0064431024301e-05	6.03416154977974e-05
"YOR346W"	485.547616562823	-0.539023350339855	0.117543262964235	8.85509611093297e-06	5.39563763097806e-05
"YOR370C"	871.981934959555	-0.446764669714307	0.0992953154837926	8.15837467417397e-06	5.02612816244565e-05
"YOR372C"	381.517512696657	-0.395419122730039	0.0895965659642649	9.80588845066524e-06	5.93401517575168e-05
"YPL029W"	157.049440735326	-0.493334612265299	0.118037455477922	4.04243183221421e-05	0.000208620578171732
"YPL030W"	382.937506394697	-0.671108798530082	0.0911852270209781	1.38105000359371e-13	4.09976304164167e-12
"YPL031C"	388.546430602029	-0.548113239102511	0.0809026436728128	1.47477530490171e-11	3.26543482527576e-10
"YPL037C"	2038.04942181261	-0.407882575806052	0.0822151675318298	2.34137090940372e-06	1.65873890508866e-05
"YPL042C"	211.00406161326	-0.411477311399796	0.0948111373671862	1.27500954490292e-05	7.47201003154438e-05
"YPL058C"	2124.52908307395	-1.24339078113703	0.320873943878727	5.2448044311359e-06	3.39974810903292e-05
"YPL063W"	735.264168710325	-0.443034088127492	0.0879996893827452	1.0140873733356e-06	7.78433888753839e-06
"YPL075W"	764.431208032416	-0.604021976889343	0.130957157166959	7.9544082704098e-06	4.91400783482315e-05
"YPL079W"	3912.93105033739	-0.439097209892004	0.0775462216481035	3.77991523644733e-08	3.88948639897625e-07
"YPL082C"	1789.58846201797	-0.448433043048484	0.0593982403528551	2.49744713205052e-15	9.91442178043014e-14
"YPL085W"	2381.34111324359	-0.304079611777274	0.0775940967719736	1.43404981124423e-06	1.06581657926391e-05
"YPL090C"	5984.52339914098	-0.380620478045231	0.077770001951221	1.34352737797107e-07	1.21807097010917e-06
"YPL139C"	203.136129745685	-0.477850623622894	0.105719270012146	1.25290042017448e-05	7.37342887627247e-05
"YPL142C"	110.462041868389	-2.40678234532307	0.482479133177734	2.47631273116312e-08	2.68797994986562e-07
"YPL143W"	5868.31857767259	-0.469228573733391	0.101392771412504	3.75893005459471e-06	2.54220380406007e-05
"YPL160W"	8286.82781490374	-0.524547662417045	0.0783666241905075	4.3491929524846e-11	8.86891657088728e-10
"YPL183C"	1073.53776387065	-0.676232311168848	0.0848232054175304	1.01042185437e-16	5.21455401612948e-15
"YPL210C"	545.746337978775	-0.418536741502869	0.0913040874684192	5.60121396886087e-06	3.60292852512824e-05
"YPL226W"	9138.71855750737	-0.57179843572744	0.121874555762161	7.98530831643447e-06	4.92855873918665e-05
"YPL237W"	1715.42866824831	-0.416974756776754	0.0882450456282269	2.45874102575743e-06	1.732740918257e-05
"YPL243W"	694.05834127005	-0.321306840918215	0.072539553067528	3.68575757193811e-05	0.000191985617625255
"YPL249C-A"	3824.41599809851	-0.445017467813	0.0741214680473851	7.34098645450312e-09	9.12049594875212e-08
"YPL254W"	268.279852759637	-0.460974800249744	0.0974225890223905	5.04179342898138e-06	3.29040779329145e-05
"YPL273W"	879.952338621147	-0.444206837244965	0.099193287131183	2.3837486281992e-06	1.6834283733251e-05
"YPR022C"	488.403169284737	-0.345206551797478	0.0926433050162292	0.000112922884607438	0.000516780104250549
"YPR029C"	738.981245517925	-0.442520287068394	0.0760138718060834	2.68715925316869e-08	2.8845042287214e-07
"YPR033C"	3713.18640916076	-0.382217170634304	0.052303080992625	4.83994409142607e-13	1.31996686623486e-11
"YPR035W"	17130.6417196311	-0.842404168127068	0.101469089228124	1.53027763321604e-16	7.49733883866379e-15
"YPR036W"	2691.48808660104	-0.259620310326414	0.0590762626988854	4.16156286703499e-05	0.00021345508619983
"YPR051W"	134.113276652307	-0.540095826619065	0.112599938697255	3.04029364014841e-06	2.09418172810633e-05
"YPR057W"	154.851049622426	-0.409808640032081	0.0921168140059348	2.62438947003849e-05	0.000142914196059158
"YPR058W"	647.835237472739	-0.639941655716104	0.0965929142028525	3.45636847505644e-11	7.15070281511567e-10
"YPR069C"	2153.27034324332	-0.700863803285413	0.0722453986360366	8.32184990165535e-24	1.13941410184093e-21
"YPR088C"	932.928832240411	-0.606298177926898	0.108117011177482	2.45836869038945e-08	2.67312731666496e-07
"YPR089W"	601.72440347033	-0.369306508070428	0.0948372943481775	0.000232794131828748	0.00096348909959227
"YPR102C"	3252.44824065728	-0.434378891210092	0.0657412248274931	4.70923287828887e-13	1.29484604018197e-11
"YPR118W"	1043.22974167985	-0.43944578031647	0.0653233616838798	5.9005475860808e-11	1.1712063241129e-09
"YPR137W"	556.410318061279	-0.655814806676122	0.126990746925434	3.45865086643521e-08	3.58641246722006e-07
"YPR156C"	1172.26518535016	-1.41614283886267	0.322124565842446	5.46141835670232e-06	3.52653087152222e-05
"YPR157W"	215.071034868962	-2.46206781792938	0.356287205110449	3.28688750535653e-15	1.28207722519982e-13
"YPR163C"	3524.62833005171	-0.574015835042705	0.0931834634358301	3.58123534275744e-10	5.99665885913575e-09
"YPR164W"	706.066122903546	-0.343735988684294	0.0758734647724086	1.28931082642824e-05	7.54680102842954e-05
"YPR167C"	507.22405949694	-0.826653108065805	0.125443779254323	4.22846716197812e-12	1.0204599348817e-10
"YPR187W"	564.25059574094	-0.563453847149218	0.0899959205396491	9.47383509957801e-10	1.42831370074312e-08
